{
   "ESXi":{
      "VI-ESXi-AUD-00028":{
         "Description":"Configure firewall to restrict access to SSH service running on the host.",
		 "AllowedIPaddresses": ""
      },
	  "VI-ESXi-AUD-00122":{
         "Description":"Display login banner before granting access to the system via the DCUI.",
         "DesiredValue":""
      },
      "VI-ESXi-AUD-00123":{
         "Description":"Display login banner before granting access to the system via SSH.",
         "DesiredValue":""
      },
	  "VI-ESXi-AUD-00125":{
         "Description":"The ESXi host must verify the exception users list for lockdown mode.",
		 "DesiredValue":""
      },
	  "VI-ESXi-AUD-00136":{
         "Description":"Enable a persistent log location for all locally stored logs.",
		 "PersistentLocation":""
      },
      "VI-ESXi-AUD-00137":{
         "Description":"Active Directory ESX Admin group membership must not be used.",
         "ADGroup":""
      },
	  "VI-ESXi-AUD-00147":{
         "Description":"ESXi host must configure authorized time sources.",
         "DesiredValue":""
      },
	  "VI-ESXi-AUD-00164":{
         "Description":"Configure a remote log server for the ESXi hosts.",
		 "SyslogServers":""
      }
   },
   "vCenter":{
      "VI-VC-AUD-01205":{
         "Description":"The vCenter Server Machine SSL certificate must be issued by an appropriate certificate authority.",
         "DesiredValue":""
      },
	  "VI-VC-AUD-01201":{
         "Description":"Configure all port groups to a value different from the value of the native VLAN.",
         "NativeVlanId":""
      },
	  "VI-VC-AUD-01202":{
         "Description":"Configure all port groups to VLAN values not reserved by upstream physical switches.",
         "ReservedVlanId":""
      },
	  "VI-VC-AUD-01227":{
         "Description":"The vCenter Server must not configure VLAN Trunking unless Virtual Guest Tagging (VGT) is required and authorized.",
         "DesiredValue":""
      }
   },
   "SDDC": {
		"VI-SDDC-AUD-1601": {
            "Description": "SDDC Manager components must use an authoritative time source.",
            "DesiredValue": ""
        },
		"VI-SDDC-AUD-1603": {
            "Description": "Use an SSL certificate issued by a trusted certificate authority on the SDDC Manager.",
            "DesiredValue": ""
        },
		"VI-SDDC-AUD-1605": {
            "Description": "Assign least privileges to users and service accounts in SDDC Manager.",
            "DesiredValue": ""
        },
		"VI-SDDC-AUD-1607": {
            "Description": "Dedicate an account for downloading updates and patches in SDDC Manager.",
            "DesiredValue": ""
        }
    },
    "NSX-T": {
		"VI-NET-AUD-01410": {
            "Description": "Use roles and privileges in NSX-T Manager to limit user privileges.",
            "DesiredValue": ""
        },
		"VI-NET-AUD-01438": {
            "Description": "The NSX-T Tier-0 Gateway must be configured to have all inactive interfaces removed.",
            "DesiredValue": ""
        },
		"VI-NET-AUD-01442": {
            "Description": "The NSX-T Tier-1 Gateway must be configured to have all inactive interfaces removed.",
            "DesiredValue": ""
        },
		"VI-NET-AUD-01505": {
            "Description": "The NSX-T Tier-0 Gateway must be configured to have multicast disabled if not in use.",
            "DesiredValue": ""
        },
		"VI-NET-AUD-01507": {
            "Description": "The NSX-T Tier-1 Gateway must be configured to have multicast disabled if not in use.",
            "DesiredValue": ""
        },
		"VI-NET-AUD-01445": {
            "Description": "Ensure that NTP server is authorized.",
            "DesiredValue": ""
        },
		"VI-NET-AUD-01504": {
            "Description": "The NSX-T Tier-0 Gateway must be configured to have routing protocols disabled if not in use.",
            "DesiredValue": ""
        }
    }
}