{
   "ESXi":{
      "VI-ESXi-AUD-00022":{
         "Description":"The ESXi host must be configured with a sufficiently complex password policy.",
         "Citation":"IA-5(1)(a)",
         "DesiredValue":"similar=deny retry=3 min=disabled,disabled,disabled,disabled,15",
         "ParameterName":"Security.PasswordQualityControl"
      },
	  "VI-ESXi-AUD-00028":{
         "Description":"Configure firewall to restrict access to SSH service running on the host.",
         "Citation":"SC-7(5)",
         "DesiredValue":"false", 
         "ParameterName":"AllIPEnabled"
      },
	  "VI-ESXi-AUD-00030":{
         "Description":"Do not suppress ESXi Shell  and SSH warnings.",
         "Citation":"CM-11(1)",
         "DesiredValue":0,
         "ParameterName":"UserVars.SuppressShellWarning"
      },
      "VI-ESXi-AUD-00031":{
         "Description":"Access to the ESXi host must be limited by enabling Lockdown Mode.",
         "Citation":"AC-17(4)(a)",
         "DesiredValue":"lockdownNormal OR lockdownStrict",
         "ParameterName":"Lockdown Mode"
      },
      "VI-ESXi-AUD-00034":{
         "Description":"Set count of maximum failed login attempts before the account is locked.",
         "Citation":"AC-7a.",
         "DesiredValue":3,
         "ParameterName":"Security.AccountLockFailures"
      },
      "VI-ESXi-AUD-00038":{
         "Description":"Set time period to automatically log out users that have been idle.",
         "Citation":"AC-12 Control",
         "DesiredValue":600,
         "ParameterName":"UserVars.ESXiShellInteractiveTimeOut"
      },
      "VI-ESXi-AUD-00043":{
         "Description":"Prevent system lockout by enabling network BPDU messages.",
         "Citation":"CM-6b",
         "DesiredValue":1,
         "ParameterName":"Net.BlockGuestBPDU"
      },
      "VI-ESXi-AUD-00105":{
         "Description":"Set network incoming firewall policy to Default Deny.",
         "Citation":"SC-7(5)",
         "DesiredValue":"False",
         "ParameterName":"IncomingEnabled"
      },
      "VI-ESXi-AUD-00106":{
         "Description":"Set network outgoing firewall policy to Default Deny.",
         "Citation":"SC-7(5)",
         "DesiredValue":"False",
         "ParameterName":"OutgoingEnabled"
      },
      "VI-ESXi-AUD-00109":{
         "Description":"Prohibit the reuse of passwords within five iterations.",
         "Citation":"IA-5(1)(e)",
         "DesiredValue":5,
         "ParameterName":"Security.PasswordHistory"
      },
      "VI-ESXi-AUD-00112":{
         "Description":"Disable ESXi Shell unless needed for diagnostics or troubleshooting.",
         "Citation":"CM-7a",
         "DesiredValue":"Policy: Off Running: False",
         "ParameterName":"ESXi Shell"
      },
	  "VI-ESXi-AUD-00114":{
         "Description":"Use Active Directory for local user authentication.",
         "Citation":"IA-2 Control",
		   "DesiredValue":"Ok",
         "ParameterName":"DomainMembershipStatus"
      },
	  "VI-ESXi-AUD-00122":{
         "Description":"Display login banner before granting access to the system via the DCUI.",
         "Citation":"AC-8a",
         "DesiredValue":"",
         "ParameterName":"Annotations.WelcomeMessage"
      },
      "VI-ESXi-AUD-00123":{
         "Description":"Display login banner before granting access to the system via SSH.",
         "Citation":"AC-8a",
         "DesiredValue":"",
         "ParameterName":"Config.Etc.issue"
      },
	  "VI-ESXi-AUD-00125":{
         "Description":"The ESXi host must verify the exception users list for lockdown mode.",
         "Citation":"AC-6(1)",
         "DesiredValue":"Exception users with special permissions", 
         "ParameterName":"QueryLockdownExceptions"
      },
	  "VI-ESXi-AUD-00136":{
         "Description":"Enable a persistent log location for all locally stored logs.",
         "Citation":"AU-9 Control",
         "DesiredValue":"True",
         "ParameterName":"LocalLogOutputIsPersistent"
      },
      "VI-ESXi-AUD-00137":{
         "Description":"Active Directory ESX Admin group membership must not be used.",
         "Citation":"IA-2 Control",
         "DesiredValue":"Appropriate Active Directory group other than ESX Admins",
         "ParameterName":"Config.HostAgent.plugins.hostsvc.esxAdminsGroup"
      },
      "VI-ESXi-AUD-00138":{
         "Description":"Disable Inter-VM transparent page sharing.",
         "Citation":"CM-6b",
         "DesiredValue":2,
         "ParameterName":"Mem.ShareForceSalting"
      },
	  "VI-ESXi-AUD-00147":{
         "Description":"ESXi host must configure authorized DoD time sources.",
         "Citation":"AU-8(1)(a)",
         "DesiredValue":"NTP from Authorized time sources",
         "ParameterName":"NTP Servers"
      },
      "VI-ESXi-AUD-00148":{
         "Description":"NTP service must have a Policy of on.",
         "Citation":"AU-8(1)(a)",
         "DesiredValue":"On",
         "ParameterName":"NTP Daemon Policy"
      },
      "VI-ESXi-AUD-00149":{
         "Description":"NTP service must be turned on.",
         "Citation":"AU-8(1)(a)",
         "DesiredValue":"True",
         "ParameterName":"NTP Daemon status"
      },
      "VI-ESXi-AUD-00157":{
         "Description":"The ESXi Image Profile and VIB Acceptance Levels must be verified.",
         "Citation":"CM-5(3)",
         "DesiredValue":"PartnerSupported Or VMwareAccepted Or VMwareCertified",
         "ParameterName":"esxcli.software.acceptance.get.Invoke"
      },
      "VI-ESXi-AUD-00163":{
         "Description":"The ESXi host must verify the DCUI.Access list.",
         "Citation":"CM-6b",
         "DesiredValue":"root",
         "ParameterName":"DCUI.Access"
      },
	  "VI-ESXi-AUD-00164":{
         "Description":"Configure a remote log server for the ESXi hosts.",
         "Citation":"AU-9(2)",
         "DesiredValue":"Site specific Syslog server",
         "ParameterName":"Syslog.global.logHost"
      },
      "VI-ESXi-AUD-00165":{
         "Description":"Enforce unlock timeout of 15 minutes after a user account is locked out.",
         "Citation":"AC-7b",
         "DesiredValue":900,
         "ParameterName":"Security.AccountUnlockTime"
      },
      "VI-ESXi-AUD-00168":{
         "Description":"The ESXi host must log out of the console UI after two minutes.",
         "Citation":"AC-12 Control",
         "DesiredValue":600,
         "ParameterName":"UserVars.DcuiTimeOut"
      },
      "VI-ESXi-AUD-00166":{
         "Description":"The ESXi host must disable the Managed Object Browser (MOB).",
         "Citation":"CM-7a",
         "DesiredValue":"False",
         "ParameterName":"Config.HostAgent.plugins.solo.enableMob"
      },
      "VI-ESXi-AUD-00169":{
         "Description":"Use of the dvFilter network APIs must be restricted.",
         "Citation":"CM-7a",
         "DesiredValue":"",
         "ParameterName":"Net.DVFilterBindIpAddress"
      },
      "VI-ESXi-AUD-00179":{
         "Description":"Configure ESXi host logging level.",
         "Citation":"AU-3 Control",
         "DesiredValue":"info",
         "ParameterName":"Config.HostAgent.log.level"
      },
      "VI-ESXi-AUD-00564":{
         "Description":"Configure timeout for Host Client sessions in seconds.",
         "Citation":"AC-11a",
         "DesiredValue":900,
         "ParameterName":"UserVars.HostClientSessionTimeout"
      },
      "VI-ESXi-AUD-01100":{
         "Description":"ESXi host SSH daemon must use FIPS 140-2 validated cryptographic modules.",
         "Citation":"SC-12(2)",
         "DesiredValue":"True",
         "ParameterName":"system.security.fips140.ssh"
      },
      "VI-ESXi-AUD-01107":{
         "Description":"The ESXi host must exclusively enable TLS 1.2 for all endpoints.",
         "Citation":"SC-23",
         "DesiredValue":"tlsv1,tlsv1.1,sslv3",
         "ParameterName":"UserVars.ESXiVPsDisabledProtocols"
      },
      "VI-ESXi-AUD-01109":{
         "Description":"The ESXi host must only run executables from approved VIBs.",
         "Citation":"CM-6b",
         "DesiredValue":"True",
         "ParameterName":"VMkernel.Boot.execInstalledOnly"
      },
      "VI-ESXi-AUD-01110":{
         "Description":"Do not suppress warnings about unmitigated hyperthreading vulnerabilities.",
         "Citation":"CM-11(1)",
         "DesiredValue":0,
         "ParameterName":"UserVars.SuppressHyperthreadWarning"
      },
      "VI-ESXi-AUD-01112":{
         "Description":"The ESXi host OpenSLP service must be disabled.",
         "Citation":"CM-6b",
         "DesiredValue":"Policy: Off Running: False",
         "ParameterName":"slpd service"
      },
	  "VI-ESXi-AUD-01114":{
         "Description":"SNMP must be configured properly on the ESXi host.",
         "Citation":"CM-7a",
         "DesiredValue":"False",
         "ParameterName":"SNMP"
      },
      "VI-ESXi-AUD-01115":{
         "Description":"The ESXi host must verify certificates for SSL syslog endpoints.",
         "Citation":"SC-17 Control",
         "DesiredValue":"True",
         "ParameterName":"Syslog.global.logCheckSSLCerts"
      },
      "VI-ESXi-AUD-01116":{
         "Description":"The ESXi host must configure a session timeout for the vSphere API.",
         "Citation":"AC-12 Control",
         "DesiredValue":30,
         "ParameterName":"Config.HostAgent.vmacore.soap.sessionTimeout"
      },
      "VI-ESXi-AUD-01117":{
         "Description":"Use FIPS 140-2 validated cryptographic modules for rhttpproxy daemon.",
         "Citation":"SC-23(5)",
         "DesiredValue":"True",
         "ParameterName":"system.security.fips140.rhttpproxy"
      }
   },
   "vCenter":{
      "VI-VC-AUD-00404":{
         "Description":"System produces audit records containing info about types of events occured.",
         "Citation":"AU-3 Control",
         "DesiredValue":"info",
         "ParameterName":"config.log.level"
      },
      "VI-VC-AUD-00405":{
         "Description":"Set the distributed port group Promiscuous Mode policy to reject.",
         "Citation":"AC-4 Control",
         "DesiredValue":"false",
         "ParameterName":"AllowPromiscuous"
      },
      "VI-VC-AUD-00407":{
         "Description":"Set the distributed port group MAC Address Change policy to reject.",
         "Citation":"AC-4 Control",
         "DesiredValue":"false",
         "ParameterName":"MacChanges"
      },
	  "VI-VC-AUD-00408":{
         "Description":"The vCenter Server passwords must contain at least one uppercase character.",
         "Citation":"IA-5(1)(a)",
         "DesiredValue":1,
         "ParameterName":"Upper-case Characters"
      },
	  "VI-VC-AUD-00413":{
         "Description":"The vCenter Server passwords must contain at least one lowercase character.",
         "Citation":"IA-5(1)(a)",
         "DesiredValue":1,
         "ParameterName":"Lower-case Characters"
      },
	  "VI-VC-AUD-00432":{
         "Description":"The vCenter Server passwords must contain at least one special character.",
         "Citation":"IA-5(1)(a)",
         "DesiredValue":1,
         "ParameterName":"Special Characters"
      },
	  "VI-VC-AUD-00433":{
         "Description":"The vCenter Server passwords must contain at least one numeric character.",
         "Citation":"IA-5(1)(a)",
         "DesiredValue":1,
         "ParameterName":"Numeric Characters"
      },
	  "VI-VC-AUD-00434":{
         "Description":"The vCenter Server must set the interval for counting failed login attempts to at least 15 minutes.",
         "Citation":"AC-7b",
         "DesiredValue":900,
         "ParameterName":"Failed Login Attempts Interval"
      },
	  "VI-VC-AUD-00435":{
         "Description":"The vCenter Server must require an administrator to unlock an account locked due to excessive login failures.",
         "Citation":"AC-7b",
         "DesiredValue":0,
         "ParameterName":"Unlock Time"
      },
	  "VI-VC-AUD-00436":{
         "Description":"The vCenter Server must limit the maximum number of failed login attempts to three.",
         "Citation":"AC-7b",
         "DesiredValue":3,
         "ParameterName":"Maximum number of failed login attempts"
      },
	  "VI-VC-AUD-00410":{
         "Description":"The vCenter Server passwords must be at least 15 characters in length.",
         "Citation":"IA-5(1)(a)",
         "DesiredValue":15,
         "ParameterName":"Minimum Password Length"
      },
	  "VI-VC-AUD-00421":{
         "Description":"The vCenter Server must enforce a 60-day maximum password lifetime restriction.",
         "Citation":"IA-5f",
         "DesiredValue":60,
         "ParameterName":"Maximum Password lifetime"
      },
	  "VI-VC-AUD-00403":{
         "Description":"The vCenter Server must prohibit password reuse for a minimum of five generations.",
         "Citation":"IA-5(1)(e)",
         "DesiredValue":5,
         "ParameterName":"Restrict reuse"
      },
      "VI-VC-AUD-00409":{
         "Description":"Limit the effects of DoS attacks by enabling NIOC.",
         "Citation":"AC-4 Control",
         "DesiredValue":"true",
         "ParameterName":"NIOC Enabled"
      },
      "VI-VC-AUD-00417":{
         "Description":"Send NetFlow traffic to authorized collectors.",
         "Citation":"AC-4 Control",
         "DesiredValue":"false",
         "ParameterName":"NetFlowEnabled"
      },
	  "VI-VC-AUD-00420":{
         "Description":"Configure the vSAN Datastore name to a unique name.",
         "Citation":"CM-6b",
         "DesiredValue":"Datastore name must not be vsanDatastore",
         "ParameterName":"Datastore Name"
      },
	  "VI-VC-AUD-00422":{
         "Description":"The vCenter Server must terminate vSphere Client sessions after 10 minutes of inactivity.",
         "Citation":"SC-10 Control",
         "DesiredValue":10,
         "ParameterName":"vSphere Client Session Timeout"
      },
	  "VI-VC-AUD-00427":{
         "Description":"The system must ensure the vpxuser password meets length policy.",
         "Citation":"IA-5(1)(a)",
         "DesiredValue":"32 Or Null",
         "ParameterName":"config.vpxd.hostPasswordLength"
      },
	  "VI-VC-AUD-00428":{
         "Description":"The system must ensure the vpxuser auto-password change meets policy.",
         "Citation":"IA-5f",
         "DesiredValue":"30",
         "ParameterName":"VirtualCenter.VimPasswordExpirationInDays"
      },
	  "VI-VC-AUD-00450":{
         "Description":"Set the distributed port group Forged Transmits policy to reject.",
         "Citation":"AC-4 Control",
         "DesiredValue":"false",
         "ParameterName":"ForgedTransmits"
      },
	  "VI-VC-AUD-01200":{
         "Description":"Disable the distributed virtual switch health check.",
         "Citation":"CM-6b",
         "DesiredValue":"false",
         "ParameterName":"ExtensionData.Config.HealthCheckConfig"
      },
	  "VI-VC-AUD-01201":{
         "Description":"Configure all port groups to a value different from the value of the native VLAN.",
		 "Citation":"AC-4 Control",
         "DesiredValue":"Non-native VLAN ID (Site-Specific)",
		 "ParameterName":"Native VLAN ID"
      },
	  "VI-VC-AUD-01202":{
         "Description":"Configure all port groups to VLAN values not reserved by upstream physical switches.",
		 "Citation":"AC-4 Control",
         "DesiredValue":"Unreserved VLAN ID(Site-Specific)",
		 "ParameterName":"Reserved VLAN ID"
      },
	  "VI-VC-AUD-01205":{
         "Description":"The vCenter Server Machine SSL certificate must be issued by an appropriate certificate authority.",
		 "Citation":"SC-12(3)",
         "DesiredValue":"Site-Specific",
		 "ParameterName":"Issuer Information"
      },
	  "VI-VC-AUD-01218":{
         "Description":"System produces audit records containing info about types of events occurred.",
         "Citation":"AU-9 Control",
         "DesiredValue":"Valid Syslog Server : UP",
         "ParameterName":"Syslog Server"
      },
	  "VI-VC-AUD-01219":{
         "Description":"Provide an immediate real-time alert on every SSO account action.",
         "Citation":"SI-4(2)",
         "DesiredValue":"com.vmware.sso.PrincipalManagement",
         "ParameterName":"ExtensionData.Info.Expression.Expression.EventTypeId"
      },
	  "VI-VC-AUD-01221":{
         "Description":"Configure vCenter to send events to a central log server.",
         "Citation":"AU-9 Control",
         "DesiredValue":"true",
         "ParameterName":"vpxd.event.syslog.enabled"
      },
	  "VI-VC-AUD-01226":{
		 "Description":"vCenter task and event retention must be set to at least 30 days.",
         "Citation":"CM-6b",
         "DesiredValue":30,
         "ParameterName":"Task retention and Event retention"
	  },
	  "VI-VC-AUD-01227":{
         "Description":"The vCenter Server must not configure VLAN Trunking unless Virtual Guest Tagging (VGT) is required and authorized.",
         "Citation":"AC-4 Control",
         "DesiredValue":"VLAN trunking configured only if VGT is required",
         "ParameterName":"VLAN Trunking"
      },
	  "VI-VC-AUD-00070":{
         "Description":"Disable Copy operations on the virtual machine.",
         "Citation":"AC-6(10)",
         "DesiredValue":"true",
         "ParameterName":"isolation.tools.copy.disable"
      },
	  "VI-VC-AUD-00071":{
         "Description":"Disable Drag and drop operations on the virtual machine.",
         "Citation":"AC-6(10)",
         "DesiredValue":"true",
         "ParameterName":"isolation.tools.dnd.disable"
      },
	  "VI-VC-AUD-00073":{
         "Description":"Disable Paste operations on the virtual machine.",
         "Citation":"AC-6(10)",
         "DesiredValue":"true",
         "ParameterName":"isolation.tools.paste.disable"
      },
	  "VI-VC-AUD-00074":{
         "Description":"Disable Virtual disk shrinking on the virtual machine.",
         "Citation":"SC-5 Control",
         "DesiredValue":"true",
         "ParameterName":"isolation.tools.diskShrink.disable"
      },
	  "VI-VC-AUD-00075":{
         "Description":"Disable Virtual disk erasure on the virtual machine.",
         "Citation":"SC-5 Control",
         "DesiredValue":"true",
         "ParameterName":"isolation.tools.diskWiper.disable"
      },
	  "VI-VC-AUD-00076":{
         "Description":"Disable HGFS file transfers on the virtual machine.",
         "Citation":"SC-4 Control",
         "DesiredValue":"true",
         "ParameterName":"isolation.tools.hgfsServerSet.disable"
      },
	  "VI-VC-AUD-00101":{
         "Description":"Prevent Unauthorized removal,connection and modification of devices.",
         "Citation":"AC-6(10)",
         "DesiredValue":"true",
         "ParameterName":"isolation.device.connectable.disable"
      },
	  "VI-VC-AUD-00097":{
         "Description":"Disable Console access through the VNC protocol on the virtual machine.",
         "Citation":"AC-17a",
         "DesiredValue":"false",
         "ParameterName":"RemoteDisplay.vnc.enabled"
      },
	  "VI-VC-AUD-00102":{
         "Description":"The VM must not be able to obtain host information from the hypervisor.",
         "Citation":"AC-21(1)",
         "DesiredValue":"false",
         "ParameterName":"tools.guestlib.enableHostInfo"
      },
	  "VI-VC-AUD-01233":{
         "Description":"Disable 3D features on the virtual machine when not required.",
         "Citation":"CM-7a",
         "DesiredValue":"false",
         "ParameterName":"mks.enable3d"
      },
	  "VI-VC-AUD-01232":{
         "Description":"The VM guest OS must be locked when the last console connection is closed.",
         "Citation":"IA-11 Control",
         "DesiredValue":"true",
         "ParameterName":"tools.guest.desktop.autolock"
      },
	  "VI-VC-AUD-00065":{
         "Description":"Disconnect unauthorized parallel devices.",
         "Citation":"MP-7 Control",
         "DesiredValue":"No Parallel devices connected",
         "ParameterName":"parallel device"
      },
	  "VI-VC-AUD-00066":{
         "Description":"Disconnect unauthorized serial devices.",
         "Citation":"MP-7 Control",
         "DesiredValue":"No Serial devices connected",
         "ParameterName":"serial device"
      },
	  "VI-VC-AUD-00067":{
         "Description":"Disconnect unauthorized USB devices.",
         "Citation":"MP-7 Control",
         "DesiredValue":"No USB devices connected",
         "ParameterName":"USB Device"
      },
	  "VI-VC-AUD-00068":{
         "Description":"Disable shared salt values.",
         "Citation":"CM-6b",
         "DesiredValue":"Advanced setting not configured",
         "ParameterName":"sched.mem.pshare.salt"
      },
	  "VI-VC-AUD-00096":{
         "Description":"Limit sharing of console connections.",
         "Citation":"AC-17a",
         "DesiredValue":1,
         "ParameterName":"RemoteDisplay.maxConnections"
      },
	  "VI-VC-AUD-00099":{
         "Description":"Limit informational messages from the VM to the VMX file.",
         "Citation":"SC-5 Control",
         "DesiredValue":1048576,
         "ParameterName":"tools.setinfo.sizeLimit"
      },
	  "VI-VC-AUD-00154":{
         "Description":"Do not use independent, non-persistent disks on the virtual machine.",
         "Citation":"MP-7 Control",
         "DesiredValue":"Persistent",
         "ParameterName":"Persistence"
      },
	  "VI-VC-AUD-00155":{
         "Description":"Disconnect unauthorized floppy devices on the virtual machine.",
         "Citation":"MP-7 Control",
         "DesiredValue":"No Floppy devices connected",
         "ParameterName":"Floppy Devices"
      },
	  "VI-VC-AUD-00156":{
         "Description":"Disconnect unauthorized CD/DVD devices on the virtual machine.",
         "Citation":"MP-7 Control",
         "DesiredValue":"No CD/DVD devices connected",
         "ParameterName":"CD/DVD Devices"
      },
	  "VI-VC-AUD-01234":{
         "Description":"Enable Encryption for vMotion on the virtual machine.",
         "Citation":"SC-8(1)",
         "DesiredValue":"opportunistic or required",
         "ParameterName":"ExtensionData.Config.MigrateEncryption"
      },
	  "VI-VC-AUD-01238":{
         "Description":"The vCenter server must disable SNMPv1/2 receivers.",
         "Citation":"CM-7a",
         "DesiredValue":"False",
         "ParameterName":"SNMP receivers"
      },
	  "VI-VC-AUD-01243":{
         "Description":"Log retention must be properly configured on the virtual machine.",
         "Citation":"SC-5 Control",
         "DesiredValue":"10",
         "ParameterName":"log.keepOld"
      },
	  "VI-VC-AUD-01242":{
         "Description":"Log size must be properly configured on the virtual machine.",
         "Citation":"SC-5 Control",
         "DesiredValue":2048000,
         "ParameterName":"log.rotateSize"
      },
	  "VI-VC-AUD-01240":{
		 "Description":"Enable vCenter logging and set to the proper verbosity.",
         "Citation":"AU-3 Control",
         "DesiredValue":"info",
         "ParameterName":"log.level"
	  },
	  "VI-VC-AUD-01241":{
         "Description":"Logging must be enabled on the virtual machine.",
         "Citation":"AU-3 Control",
         "DesiredValue":"Logging is enabled",
         "ParameterName":"ExtensionData.Config.Flags.EnableLogging"
      },
	  "VI-VC-AUD-01244":{
         "Description":"Encryption must be enabled for Fault Tolerance on the virtual machine.",
         "Citation":"VMware's Best Practice",
         "DesiredValue":"ftEncryptionOpportunistic Or ftEncryptionRequired",
         "ParameterName":"FtEncryptionMode"
      }
   },
   "SDDC": {
        "VI-SDDC-AUD-1600": {
            "ParameterName": "Backup Config",
            "Description": "SDDC Manager must be able to be restored to the last known good configuration.",
            "Citation": "CP-10 Control",
            "DesiredValue": "backupServer : Valid backup server, backupProtocol : SFTP, backupSchedule : Any schedule, backupScheduleConfig : True"
        },
        "VI-SDDC-AUD-1601": {
            "ParameterName": "NTP Config",
            "Description": "SDDC Manager components must use an authoritative time source.",
            "Citation": "AU-8(1)(a)",
            "DesiredValue": "ntpServer : Valid ntp server"
        },
        "VI-SDDC-AUD-1603": {
            "ParameterName": "Certificate Issuer",
            "Description": "SDDC Manager must use an SSL certificate issued by an approved certificate authority.",
            "Citation": "SC-12(3)",
            "DesiredValue": "The SSL certificate issuer specified is from an approved certificate authority."
        },
        "VI-SDDC-AUD-1605": {
            "ParameterName": "Roles",
            "Description": "SDDC Manager users must have the correct roles assigned.",
            "Citation": "AC-6 Control",
            "DesiredValue": "Correct roles are assigned for all the users and groups."
        },
        "VI-SDDC-AUD-1606": {
            "ParameterName": "CEIP",
            "Description": "SDDC Manager must not provide environment information to third parties.",
            "Citation": "AU-8(1)(a)",
            "DesiredValue": "DISABLED"
        },
        "VI-SDDC-AUD-1607": {
            "ParameterName": "My VMware account",
            "Description": "Dedicate an account for downloading updates and patches in SDDC Manager.",
            "Citation": "AC-2(7)(a)",
            "DesiredValue": "Dedicated My VMware account"
        }
    },
    "NSX-T": {
        "VI-NET-AUD-01401": {
            "ParameterName": "No. of NTP Servers",
            "Description": "The NSX-T Manager must be configured to synchronize internal information system clocks using redundant authoritative time sources.",
            "Citation": "AU-8(1)(a)",
            "DesiredValue": "ntp-server configured with a minimum 2 time sources"
        },
        "VI-NET-AUD-01409": {
            "ParameterName": "Logging",
            "Description": "The NSX-T Distributed Firewall must generate traffic log entries containing information to establish what type of events occurred.",
            "Citation": "AU-3 Control",
            "DesiredValue": "True"
        },
        "VI-NET-AUD-01410": {
            "ParameterName": "Roles",
            "Description": "Use roles and privileges in NSX-T Manager to limit user privileges.",
            "Citation": "AC-6 Control",
            "DesiredValue": "Appropriate roles assigned to users/groups"
        },
        "VI-NET-AUD-01415": {
            "ParameterName": "VIDM Integration",
            "Description": "The NSX-T Manager must enable two-factor authentication.",
            "Citation": "AU-10 Control",
            "DesiredValue": "True"
        },
        "VI-NET-AUD-01416": {
            "ParameterName": "Http session timeout",
            "Description": "The NSX-T Manager must terminate the session after a defined period of inactivity.",
            "Citation": "AC-11a",
            "DesiredValue": 900
        },
		"VI-NET-AUD-01499": {
            "ParameterName": "CLI timeout",
            "Description": "The NSX-T Manager must terminate the cli session after a defined period of inactivity.",
            "Citation": "AC-12 Control",
            "DesiredValue": 600
        },
        "VI-NET-AUD-01419": {
            "ParameterName": "apiLockoutResetPeriod",
            "Description": "The NSX-T Manager must be configured to reset account lockout period.",
            "Citation": "AC-7b",
            "DesiredValue": 900
        },
        "VI-NET-AUD-01420": {
            "ParameterName": "Logging Level",
            "Description": "The NSX-T Manager must set log level to info on services.",
            "Citation": "AU-9 Control",
            "DesiredValue": "async_replicator_loglevel : INFO, http_loglevel : INFO, manager_loglevel : INFO, policy_loglevel : INFO"
        },
        "VI-NET-AUD-01422": {
            "ParameterName": "Cluster Status",
            "Description": "The NSX-T Controller service hosted by NSX-T Manager must be configured as a cluster in active/active or active/passive mode to preserve any information necessary to determine cause of a system failure and to maintain network operations with least disruption to workload processes and flows.",
            "Citation": "CM-6b",
            "DesiredValue": "nodeCount : 3, clusterStatus : STABLE, virtualIp : ValidIP"
        },
        "VI-NET-AUD-01423": {
            "ParameterName": "Limits",
            "Description": "The NSX-T Manager must be configured to protect against known types of denial-of-service (DoS) attacks by employing organization-defined security safeguards.",
            "Citation": "SC-5(2)",
            "DesiredValue": "client_api_rate_limit : 100, client_api_concurrency_limit : 40, global_api_concurrency_limit : 199"
        },
		"VI-NET-AUD-01429": {
            "ParameterName": "Logging",
            "Description": "The NSX-T Tier-0 Gateway Firewall must generate traffic log entries containing information to establish what type of events occurred.",
            "Citation": "AU-3 Control",
            "DesiredValue": "True"
        },
        "VI-NET-AUD-01514": {
            "ParameterName": "Logging",
            "Description": "The NSX-T Tier-1 Gateway Firewall must generate traffic log entries containing information to establish what type of events occurred.",
            "Citation": "AU-3 Control",
            "DesiredValue": "True"
        },
		"VI-NET-AUD-01412": {
            "ParameterName": "action",
            "Description": "The NSX-T Distributed Firewall must deny network communications traffic by default and allow network communications traffic by exception.",
            "Citation": "SC-7(5)",
            "DesiredValue": "Drop or Reject"
        },
		"VI-NET-AUD-01431": {
            "ParameterName": "action",
            "Description": "The NSX-T Tier-1 Gateway Firewall must deny network communications traffic by default and allow network communications traffic by exception (i.e., deny all, permit by exception).",
            "Citation": "SC-7(5)",
            "DesiredValue": "Drop or Reject"
        },
		"VI-NET-AUD-01432": {
            "ParameterName": "action",
            "Description": "The NSX-T Tier-0 Gateway Firewall must deny network communications traffic by default and allow network communications traffic by exception (i.e., deny all, permit by exception).",
            "Citation": "AC-4 Control",
            "DesiredValue": "Drop or Reject"
        },
        "VI-NET-AUD-01438": {
            "ParameterName": "Tier-0 Interfaces status",
            "Description": "The NSX-T Tier-0 Gateway must be configured to have all inactive interfaces removed.",
            "Citation": "CM-7(1)(b)",
            "DesiredValue": "Inactive interfaces to be removed."
        },
        "VI-NET-AUD-01442": {
            "ParameterName": "Tier-1 Interfaces status",
            "Description": "The NSX-T Tier-1 Gateway must be configured to have all inactive interfaces removed.",
            "Citation": "CM-7(1)(b)",
            "DesiredValue": "Inactive interfaces to be removed."
        },
		"VI-NET-AUD-01445": {
            "ParameterName": "NTP Server",
            "Description": "Ensure that NTP server is authorized.",
            "Citation": "AU-8(1)(a)",
            "DesiredValue": "Site-Specific"
        },
		"VI-NET-AUD-01449": {
            "ParameterName": "SSH Status",
            "Description": "Disable Secure Shell (SSH) unless needed for diagnostics or troubleshooting purposes.",
            "Citation": "CM-7(1)(b)",
            "DesiredValue": "Stopped"
        },
        "VI-NET-AUD-01454": {
            "ParameterName": "No. of Transport Nodes",
            "Description": "The NSX-T Tier-0 Gateway Firewall must be configured for service redundancy to limit the effects of types of denial-of-service (DoS) attacks on the network.",
            "Citation": "SC-5(2)",
            "DesiredValue": "Greater than or equal to 2"
        },
        "VI-NET-AUD-01460": {
            "ParameterName": "Maximum Routes",
            "Description": "The NSX-T Tier-0 Gateway must be configured to use the BGP maximum prefixes feature to protect against route table flooding and prefix de-aggregation attacks.",
            "Citation": "SC-1a.2",
            "DesiredValue": "Maximum Routes is configured or a route filter exists for each BGP neighbor"
        },
        "VI-NET-AUD-01465": {
            "ParameterName": "timezone",
            "Description": "The NSX-T Manager must record time stamps for audit records that can be mapped to Coordinated Universal Time (UTC) or Greenwich Mean Time (GMT).",
            "Citation": "AU-8(1)(a)",
            "DesiredValue": "UTC/GMT"
        },
        "VI-NET-AUD-01469": {
            "ParameterName": "URPF Mode",
            "Description": "The perimeter NSX-T Tier-0 Gateway must be configured to restrict it from accepting outbound IP packets that contain an illegitimate address in the source address field through egress filter or by enabling Unicast Reverse Path Forwarding (uRPF).",
            "Citation": "SC-1a.2",
            "DesiredValue": "STRICT"
        },
        "VI-NET-AUD-01497": {
            "ParameterName": "cliAuthLockoutPeriod",
            "Description": "The NSX-T Manager must be configured to set the CLI account lockout-period after a defined number of consecutive invalid login attempts.",
            "Citation": "AC-7b",
            "DesiredValue": 900
        },
		"VI-NET-AUD-01498": {
            "ParameterName": "cliMaxAuthFailures",
            "Description": "The NSX-T Manager must be configured to enforce the limit on consecutive invalid login attempts via CLI, after which it must block any login attempt for a predefined time.",
            "Citation": "AC-7a",
            "DesiredValue": 3
        },
        "VI-NET-AUD-01417": {
            "ParameterName": "apiLockoutPeriod",
            "Description": "The NSX-T Manager must be configured to enforce the limit on consecutive invalid login attempts, after which it must block any login attempt for a predefined time.",
            "Citation": "AC-7a",
            "DesiredValue": 900
        },
		"VI-NET-AUD-01418": {
            "ParameterName": "apiMaxAuthFailures",
            "Description": "The NSX-T Manager must be configured to enforce the limit on consecutive invalid login attempts, after which it must block any login attempt for a predefined time.",
            "Citation": "AC-7a",
            "DesiredValue": 3
        },
        "VI-NET-AUD-01468": {
            "ParameterName": "Backup Config",
            "Description": "The NSX-T Manager must be configured to conduct backups on an organizational defined schedule.",
            "Citation": "AU-3(2)",
            "DesiredValue": "backupEnabled : True, backupSchedule : Any Recurring Frequency"
        },
        "VI-NET-AUD-01477": {
            "ParameterName": "sshServiceStatus",
            "Description": "The NSX-T Manager must disable SSH.",
            "Citation": "CM-7(1)(b)",
            "DesiredValue": "Service State : stopped, Start on boot : False"
        },
        "VI-NET-AUD-01421": {
            "ParameterName": "minimum-password-length",
            "Description": "The NSX-T Manager must enforce a minimum 15-character password length.",
            "Citation": "IA-5(1)(a)",
            "DesiredValue": 15
        },
        "VI-NET-AUD-01500": {
            "ParameterName": "Unused local accounts",
            "Description": "The NSX-T Manager must disable unused local accounts.",
            "Citation": "AC-2(7)(a)",
            "DesiredValue": "audit : NOT_ACTIVATED, guestuser1 : NOT_ACTIVATED, guestuser2 : NOT_ACTIVATED"
        },
        "VI-NET-AUD-01501": {
            "ParameterName": "Enabled Protocols",
            "Description": "The NSX-T Manager must enable TLS 1.2 only.",
            "Citation": "SC-23",
            "DesiredValue": "TLSv1.1 : false TLSv1.2 : True"
        },
        "VI-NET-AUD-01502": {
            "ParameterName": "v2cConfigured",
            "Description": "The NSX-T Manager must disable SNMP v2.",
            "Citation": "CM-7(1)(b)",
            "DesiredValue": "False"
        },
        "VI-NET-AUD-01504": {
            "ParameterName": "BGP and OSPF status",
            "Description": "The NSX-T Tier-0 Gateway must be configured to have routing protocols disabled if not in use.",
            "Citation": "CM-7a",
            "DesiredValue": "BGP Status : False if not in use, OSPF Status : False if not in use"
        },
		"VI-NET-AUD-01505": {
            "ParameterName": "Multicast",
            "Description": "The NSX-T Tier-0 Gateway must be configured to have multicast disabled if not in use.",
            "Citation": "CM-7a",
            "DesiredValue": "False"
        },
		"VI-NET-AUD-01507": {
            "ParameterName": "Multicast",
            "Description": "The NSX-T Tier-1 Gateway must be configured to have multicast disabled if not in use.",
            "Citation": "CM-7a",
            "DesiredValue": "False"
        },
        "VI-NET-AUD-01508": {
            "ParameterName": "FIPs compliance mode",
            "Description": "The NSX-T Manager must enable the global FIPs compliance mode for load balancers.",
            "Citation": "SC-8(1)",
            "DesiredValue": "True"
        },
        "VI-NET-AUD-01509": {
            "ParameterName": "NsxtVersion",
            "Description": "The NSX-T Manager must be running a release that is currently supported by the vendor.",
            "Citation": "SI-2(5)",
            "DesiredValue": "Greater than or equal to 3.1.0.0.0.17107167"
        }
    }
}